Date_num;Qnt; Dinamic ;Week_day;Week;Month; Temp ; Pressure ; Humidity ;Wind;Marketing;;Y
43687;2553;0,183;6;32;8;20,6;735;70,4;1,625;0;;0
43688;0;-1;7;33;8;20,4;738,8;58;0,875;0;;1973
43689;1973; -     ;1;33;8;22;740;58;1,25;0;;2334
43690;2334;0,183;2;33;8;22,1;740,6;52,4;1,25;0;;1926
43691;1926;-0,1748;3;33;8;23,6;738,3;45,4;1,875;0;;2126
43692;2126;0,1038;4;33;8;24,8;733,6;35,3;3;0;;2217
43693;2217;0,0428;5;33;8;23,9;731,9;49,4;0,875;0;;2746
43694;2746;0,2386;6;33;8;21,1;733,6;79,6;1,25;0;;0
43695;0;-1;7;34;8;19,3;735;71,9;1,125;0;;2085
43696;2085; -     ;1;34;8;21,4;738,8;68;1,625;0;;1929
43697;1929;-0,0748;2;34;8;24,1;740,6;66,6;1,75;0;;2265
43698;2265;0,1742;3;34;8;25,1;739,9;56,6;3,125;0;;2260
43699;2260;-0,0022;4;34;8;25,8;738,8;53,1;2,25;0;;2394
43700;2394;0,0593;5;34;8;26,5;740;51,9;2,25;0;;2502
43701;2502;0,0451;6;34;8;26,4;740,4;52,1;2,5;0;;0
43702;0;-1;7;35;8;25,8;740,9;53,8;2;0;;2362
43703;2362; -     ;1;35;8;23,5;743,1;43,5;3,25;0;;2475
43704;2475;0,0478;2;35;8;21,3;742,1;42;2,125;0;;2285
43705;2285;-0,0768;3;35;8;21,3;741,5;47,4;1,5;0;;2238
43706;2238;-0,0206;4;35;8;16,9;743,6;44,9;3,375;0;;2233
43707;2233;-0,0022;5;35;8;18;742,1;42,4;2,625;0;;2558
43708;2558;0,1455;6;35;8;21;741;44,3;1,571428571;0;;0
43709;0;-1;7;36;9;22,6;738,6;43;1;0;;2215
43710;2215; -     ;1;36;9;22,1;737,6;42;1;0;;2430
43711;2430;0,0971;2;36;9;23,8;737,1;39,1;1,375;0;;1960
43712;1960;-0,1934;3;36;9;24,1;736,1;43,1;1,875;0;;1899
43713;1899;-0,0311;4;36;9;22;736,4;57,5;1,625;0;;2233
43714;2233;0,1759;5;36;9;20;737,5;59,6;2,25;0;;2820
43715;2820;0,2629;6;36;9;20,4;740;50,4;2,375;0;;0
43716;0;-1;7;37;9;20,3;743,9;38,9;3;0;;2192
43717;2192; -     ;1;37;9;18,6;744;39,1;3,125;0;;2709
43718;2709;0,2359;2;37;9;18,6;743,6;38,1;3,375;0;;2185
43719;2185;-0,1934;3;37;9;19,3;745,9;42,8;2,625;0;;1961
43720;1961;-0,1025;4;37;9;19,9;746;38,1;2,25;0;;2452
43721;2452;0,2504;5;37;9;20;744,1;34,1;1,625;0;;2783
43722;2783;0,135;6;37;9;20,9;741,4;35,8;1,75;0;;0
43723;0;-1;7;38;9;16,9;742;47,6;2,375;0;;2568
43724;2568; -     ;1;38;9;17,4;738,3;36;2,875;0;;2662
43725;2662;0,0366;2;38;9;16,9;733,6;60,4;2,125;0;;1994
43726;1994;-0,2509;3;38;9;13,9;732,5;75;3,25;0;;2074
43727;2074;0,0401;4;38;9;11,1;739;59,5;2,375;0;;2216
43728;2216;0,0685;5;38;9;11,3;738,8;55;0,875;0;;3459
43729;3459;0,5609;6;38;9;8,3;738,5;65,8;1,75;0;;0
43730;0;-1;7;39;9;10,6;738,3;61,6;3,75;0;;2636
43731;2636; -     ;1;39;9;10,4;737,9;69,4;2,125;0;;2526
43732;2526;-0,0417;2;39;9;8,3;740,3;58,1;2;0;;2182
43733;2182;-0,1362;3;39;9;9,7;740,3;45,2;2;0;;1707
43734;1707;-0,2177;4;39;9;9,4;739,4;45,8;1,875;0;;2156
43735;2156;0,263;5;39;9;10,1;737,4;80,3;1,125;0;;3097
43736;3097;0,4365;6;39;9;13,9;738,8;67,1;1,25;0;;0
43737;0;-1;7;40;9;14,8;737,8;76,3;2,875;0;;2287
43738;2287; -     ;1;40;9;15,4;735,4;79,5;2,5;0;;2410
43739;2410;0,0538;2;40;10;15,6;732,6;82,6;3,625;0;;2114
43740;2114;-0,1228;3;40;10;14,1;738,3;71,3;1;0;;2018
43741;2018;-0,0454;4;40;10;16;735,8;65,9;2,125;0;;2098
43742;2098;0,0396;5;40;10;17,9;733,9;75,8;2,5;0;;3043
43743;3043;0,4504;6;40;10;18,3;730,5;80,4;2,25;0;;0
43744;0;-1;7;41;10;10,1;729;85,5;2,375;0;;2507
43745;2507; -     ;1;41;10;7,6;736;68;1,875;0;;2682
43746;2682;0,0698;2;41;10;6,1;739,8;78,3;2,125;0;;2434
43747;2434;-0,0925;3;41;10;5,3;744,6;67,1;2,25;0;;2170
43748;2170;-0,1085;4;41;10;10,5;741;66,9;3;0;;2261
43749;2261;0,0419;5;41;10;11,3;738,1;93,1;1,625;0;;3342
43750;3342;0,4781;6;41;10;10;744,3;78,8;1,625;0;;0
43751;0;-1;7;42;10;13,3;744,8;65,6;3,375;0;;2553
43752;2553; -     ;1;42;10;14,1;744,6;68,3;1,25;0;;2536
43753;2536;-0,0067;2;42;10;14;742,6;70,8;0,5;0;;2284
43754;2284;-0,0994;3;42;10;15,6;742,8;69,6;1,375;0;;2133
43755;2133;-0,0661;4;42;10;14,1;742,5;70,9;2,75;0;;2434
43756;2434;0,1411;5;42;10;12,6;740,1;81,9;1,125;0;;3268
43757;3268;0,3426;6;42;10;13,3;741,3;78,9;0,625;0;;0
43758;0;-1;7;43;10;12,7;743,6;80;0,714285714;0;;2528
43759;2528; -     ;1;43;10;13;745;75,3;1,625;0;;2911
43760;2911;0,1515;2;43;10;14;744;69,8;0,375;0;;2318
43761;2318;-0,2037;3;43;10;13,4;743;72,1;0,25;0;;2184
43762;2184;-0,0578;4;43;10;12,4;741,6;76,3;0,75;0;;2403
43763;2403;0,1003;5;43;10;9,5;740,8;93,8;1,875;0;;3614
43764;3614;0,504;6;43;10;10,3;741,5;88,3;1,125;0;;0
43765;0;-1;7;44;10;11,2;741,1;80,6;1,333333333;0;;2550
43766;2550; -     ;1;44;10;9,5;737;88,3;2,375;0;;2798
43767;2798;0,0973;2;44;10;8,6;737;92,9;0,75;0;;2464
43768;2464;-0,1194;3;44;10;5;739,5;71;1,625;0;;2097
43769;2097;-0,1489;4;44;10;-1,3;743,9;61,4;1,25;0;;2380
43770;2380;0,135;5;44;11;-2,8;744,4;61,1;1;0;;3567
43771;3567;0,4987;6;44;11;-0,7;745,4;61;1,714285714;0;;0
43772;0;-1;7;45;11;3;743,1;67,7;3,571428571;0;;2493
43773;2493; -     ;1;45;11;7,4;738,9;64;4,375;0;;2586
43774;2586;0,0373;2;45;11;10,8;736,3;76,1;3,875;0;;2539
43775;2539;-0,0182;3;45;11;13;735,9;92,1;4,125;0;;2102
43776;2102;-0,1721;4;45;11;14,3;736,6;86,1;3,75;0;;2555
43777;2555;0,2155;5;45;11;12,5;739,3;92;2,125;0;;3645
43778;3645;0,4266;6;45;11;10;742,9;93,1;3,75;0;;0
43779;0;-1;7;46;11;7,5;743,1;92,5;4;0;;2699
43780;2699; -     ;1;46;11;6,6;741,6;98,3;3,125;0;;2899
43781;2899;0,0741;2;46;11;7,1;745;99,6;1,875;0;;2300
43782;2300;-0,2066;3;46;11;6,4;745,9;98,8;5,25;0;;2404
43783;2404;0,0452;4;46;11;5,5;743,9;79,3;7;0;;2515
43784;2515;0,0462;5;46;11;5,4;744,5;73,6;6,875;0;;3863
43785;3863;0,536;6;46;11;4,1;746;85,6;4,375;0;;0
43786;0;-1;7;47;11;3,6;746,5;87,8;3,75;0;;2771
43787;2771; -     ;1;47;11;3,4;745,6;93,1;2,75;0;;3076
43788;3076;0,1101;2;47;11;1,1;746,1;100;2,625;0;;2491
43789;2491;-0,1902;3;47;11;0,5;748;95;4,75;0;;2547
43790;2547;0,0225;4;47;11;-6,8;752,4;67,6;7,25;0;;2475
43791;2475;-0,0283;5;47;11;-8,3;752,1;60,9;7,5;0;;3771
43792;3771;0,5236;6;47;11;-6;749,6;54,8;7,25;0;;0
43793;0;-1;7;48;11;-3,6;747;66,1;6,625;0;;2569
43794;2569; -     ;1;48;11;-2,4;743,8;72,1;6,375;0;;3107
43795;3107;0,2094;2;48;11;0,6;739,4;81,8;5,875;0;;2591
43796;2591;-0,1661;3;48;11;2,1;736;93,6;4,75;0;;2265
43797;2265;-0,1258;4;48;11;3;736,1;100;2,5;0;;2464
43798;2464;0,0879;5;48;11;5,4;733,5;97;3,375;0;;3663
43799;3663;0,4866;6;48;11;5,8;730;97,1;2,75;0;;0
43800;0;-1;7;49;12;0,1;737,6;86;2;0;;2661
43801;2661; -     ;1;49;12;-2,8;744,6;91,1;1,375;0;;2937
43802;2937;0,1037;2;49;12;-1,5;736,4;90;4;0;;2382
43803;2382;-0,189;3;49;12;-3,3;743,9;83,3;1,75;0;;2227
43804;2227;-0,0651;4;49;12;-2,5;745,4;88,9;3,75;0;;2662
43805;2662;0,1953;5;49;12;1,3;745;87,6;3,625;0;;3894
43806;3894;0,4628;6;49;12;1,6;740,6;93;2,125;0;;0
43807;0;-1;7;50;12;1,6;737,1;84,5;1;0;;3035
43808;3035; -     ;1;50;12;2;739;88,6;1;0;;2641
43809;2641;-0,1298;2;50;12;1,3;740;100;1;0;;2094
43810;2094;-0,2071;3;50;12;0,5;741,3;100;2;0;;1681
43811;1681;-0,1972;4;50;12;-0,4;740,1;97,3;4,75;0;;2010
43812;2010;0,1957;5;50;12;-1;735,5;94,9;6,5;0;;3559
43813;3559;0,7706;6;50;12;2;734,1;96,6;4,5;0;;0
43814;0;-1;7;51;12;5,4;735,3;96,3;2,75;0;;2258
43815;2258; -     ;1;51;12;4,1;742,5;92,3;3,25;0;;2243
43816;2243;-0,0066;2;51;12;5,5;743,1;98,6;2,125;0;;1256
43817;1256;-0,44;3;51;12;5,9;742,9;94,5;3,125;0;;50
43818;50;-0,9602;4;51;12;5;743,3;98;3,125;0;;95
43819;95;0,9;5;51;12;1,8;744,9;88,5;1;0;;1641
43820;1641;16,2737;6;51;12;0,6;738,3;94,5;2,75;0;;0
43821;0;-1;7;52;12;5,7;733,4;92,7;4,285714286;0;;1462
43822;1462; -     ;1;52;12;5,5;731,1;89,5;4,375;0;;2204
43823;2204;0,5075;2;52;12;3,9;730,9;93,5;5,25;0;;1828
43824;1828;-0,1706;3;52;12;1,4;730,9;97,5;4,625;0;;1774
43825;1774;-0,0295;4;52;12;1,3;730,6;96,4;2;0;;2040
43826;2040;0,1499;5;52;12;3,3;732,1;98,5;1;0;;2700
43827;2700;0,3235;6;52;12;2,6;737,1;90,3;1,25;0;;0
43828;0;-1;7;53;12;0,7;743,2;88,7;2;0;;3710
43829;3710; -     ;1;53;12;-0,6;746,6;92,8;1,5;0;;0
43830;0;-1;2;53;12;-1,1;736,3;90,6;4,625;0;;0
43831;0; -     ;3;1;1;0,9;734,1;94;2,625;0;;0
43832;0; -     ;4;1;1;-1;743,3;81;2,125;0;;2236
43833;2236; -     ;5;1;1;-0,5;741,6;92,9;2,25;0;;3059
43834;3059;0,3681;6;1;1;1,8;736,8;93,1;2,625;0;;0
43835;0;-1;7;2;1;1,3;735,4;96,3;1,375;0;;2670
43836;2670; -     ;1;2;1;0,1;741,5;97,4;2,25;0;;2490
43837;2490;-0,0674;2;2;1;-1,5;741,8;94,6;3,125;0;;2094
43838;2094;-0,159;3;2;1;-2,4;743,4;92,3;3,625;0;;1747
43839;1747;-0,1657;4;2;1;-2,6;742,8;97,3;1,375;0;;1959
43840;1959;0,1214;5;2;1;-0,8;741,8;96,8;1,125;0;;2936
43841;2936;0,4987;6;2;1;2;738,3;99;3,5;0;;0
43842;0;-1;7;3;1;-0,1;740,1;90,3;3,375;0;;2757
43843;2757; -     ;1;3;1; -     ;742,3;88,3;3,25;0;;2595
43844;2595;-0,0588;2;3;1;0,1;744,5;97;1,375;0;;2170
43845;2170;-0,1638;3;3;1;1,4;750,3;86,9;1,125;0;;1951
43846;1951;-0,1009;4;3;1;-1,1;750,4;87;1,375;0;;1898
43847;1898;-0,0272;5;3;1;-1,4;746,4;97;1,75;0;;3186
43848;3186;0,6786;6;3;1;-1,4;750,4;92,4;2,625;0;;0
43849;0;-1;7;4;1;-3,6;747,9;97,9;1,625;0;;2570
43850;2570; -     ;1;4;1;-4;749;95;1,125;0;;2519
43851;2519;-0,0198;2;4;1;-1,5;744,8;93,9;3,125;0;;2318
43852;2318;-0,0798;3;4;1; -     ;734,1;97;4,75;0;;2341
43853;2341;0,0099;4;4;1;-0,9;733,8;84,1;3,125;0;;2556
43854;2556;0,0918;5;4;1;-2,8;741,6;84,1;2,625;0;;3761
43855;3761;0,4714;6;4;1;1,1;736,9;83,4;4,75;0;;0
43856;0;-1;7;5;1;0,5;740,8;83,9;1,875;0;;2784
43857;2784; -     ;1;5;1;1,1;740,9;84;2;0;;2859
43858;2859;0,0269;2;5;1;1,5;736;98,9;1,25;0;;2600
43859;2600;-0,0906;3;5;1;4;730,8;98,3;3,625;0;;2207
43860;2207;-0,1512;4;5;1;1,5;732;85,9;4,25;0;;2530
43861;2530;0,1464;5;5;1;0,4;733,4;85,8;2,125;0;;3722
43862;3722;0,4711;6;5;2;1,4;732,4;97,3;2,875;0;;0
43863;0;-1;7;6;2;4;731,8;93,8;4,25;0;;2449
43864;2449; -     ;1;6;2;4,4;725,6;94,1;3,375;0;;2292
43865;2292;-0,0641;2;6;2;0,6;728,6;83,1;2,875;0;;2162
43866;2162;-0,0567;3;6;2;0,1;728;94,3;4,125;0;;2012
43867;2012;-0,0694;4;6;2;-2,1;729,3;96,4;4,625;0;;2242
43868;2242;0,1143;5;6;2;-7,6;729,9;93,3;1,75;0;;3595
43869;3595;0,6035;6;6;2;-11,8;739,5;91,3;1,625;0;;0
43870;0;-1;7;7;2;-12,8;747,1;92,5;0,75;0;;2645
43871;2645; -     ;1;7;2;-8,5;745,1;92;3,25;0;;2379
43872;2379;-0,1006;2;7;2;-1,5;732,3;89,6;5,125;0;;2528
43873;2528;0,0626;3;7;2;-0,4;726,1;96,3;5,375;0;;2103
43874;2103;-0,1681;4;7;2;0,3;735;93,5;3,875;0;;2010
43875;2010;-0,0442;5;7;2;0,5;743,8;89;1,5;0;;3580
43876;3580;0,7811;6;7;2;-1,5;746,6;92,9;1,5;0;;0
43877;0;-1;7;8;2;-1,9;750,6;85,3;2;0;;2304
43878;2304; -     ;1;8;2;0,3;748,8;81,8;3;0;;2019
43879;2019;-0,1237;2;8;2;1,1;742,5;94,1;3,125;0;;2106
43880;2106;0,0431;3;8;2;1,8;738,9;97,4;1,25;0;;1856
43881;1856;-0,1187;4;8;2;0,6;739,8;95,3;2,75;0;;2469
43882;2469;0,3303;5;8;2;0,1;740;95,4;4,571428571;0;;3776
43883;3776;0,5294;6;8;2;0,1;742,1;98,8;2,5;0;;0
43884;0;-1;7;9;2;1,1;738,5;92,8;3,875;0;;2584
43885;2584; -     ;1;9;2;2;724,5;96,9;5,25;0;;2479
43886;2479;-0,0406;2;9;2;1,9;732,1;79;3,75;0;;2532
43887;2532;0,0214;3;9;2;3,6;732;84,3;6,25;0;;2681
43888;2681;0,0588;4;9;2;7,4;727,8;79,5;5,5;0;;3166
43889;3166;0,1809;5;9;2;3,5;729;91,8;3,25;0;;3973
43890;3973;0,2549;6;9;2;2;737,1;76,4;0,875;0;;0
43891;0;-1;7;10;3;3;742,4;63,5;1,5;0;;2138
43892;2138; -     ;1;10;3;4;740,4;74;3,375;0;;1885
43893;1885;-0,1183;2;10;3;7,5;737,5;75,3;4,75;0;;1723
43894;1723;-0,0859;3;10;3;11,1;737,5;61,5;3,5;0;;1616
43895;1616;-0,0621;4;10;3;12,5;735,5;44;4,125;0;;1759
43896;1759;0,0885;5;10;3;8,8;734,4;71,8;4,75;0;;3049
43897;3049;0,7334;6;10;3;8,9;737,8;77,1;3,375;0;;0
43898;0;-1;7;11;3;11,3;741,8;65;3,625;0;;2001
43899;2001; -     ;1;11;3;14,3;739,5;52,1;3,375;0;;1561
43900;1561;-0,2199;2;11;3;10,3;733,6;67,1;4,25;0;;1610
43901;1610;0,0314;3;11;3;8,4;732,6;90,4;4,75;0;;1838
43902;1838;0,1416;4;11;3;8,9;737;64,5;3,875;0;;2052
43903;2052;0,1164;5;11;3;9,8;735,1;66,1;4,25;0;;3406,61
43904;3406,61;0,6601;6;11;3;7,3;733,3;67,6;3,25;0;;0
43905;0;-1;7;12;3;-0,5;740,1;60,8;2,625;0;;2497
43906;2497; -     ;1;12;3;-2,1;746,6;63,5;1,5;0;;2009
43907;2009;-0,1954;2;12;3;2;748,8;58,3;0,75;0;;2466
43908;2466;0,2275;3;12;3;3,6;747,6;48,3;2,125;0;;2278
43909;2278;-0,0762;4;12;3;5,3;741,8;51,8;1,625;0;;2047
43910;2047;-0,1014;5;12;3;7,9;738,5;49,3;2,375;0;;3238
43911;3238;0,5818;6;12;3;8,1;738,5;46,9;2,125;0;;0
43912;0;-1;7;13;3;5,8;736,4;87;3,25;0;;1773
43913;1773; -     ;1;13;3;-1,8;743,3;83,8;4,625;0;;2260
43914;2260;0,2747;2;13;3;-1,1;746;65,6;6,125;0;;2274
43915;2274;0,0062;3;13;3;4,4;748,3;55,5;5,875;0;;2019
43916;2019;-0,1121;4;13;3;6,8;747,6;42,4;5,25;0;;2148
43917;2148;0,0639;5;13;3;10,3;742,8;32,5;5,875;0;;3209
43918;3209;0,4939;6;13;3;11,4;736,3;33,3;6,125;0;;0
43919;0;-1;7;14;3;9,6;730,1;45,4;3,428571429;0;;2678
43920;2678; -     ;1;14;3;10,6;728,3;58,3;2,125;0;;1961
43921;1961;-0,2677;2;14;3;7,5;734;66,5;3,25;0;;1929
43922;1929;-0,0163;3;14;4;1,4;738,9;50,4;2,5;0;;1754
43923;1754;-0,0907;4;14;4;3,9;738,1;39,6;2,875;0;;2049
43924;2049;0,1682;5;14;4;6,8;737,1;34,9;2,125;0;;3109
43925;3109;0,5173;6;14;4;9,3;740,3;33,1;1,375;0;;0
43926;0;-1;7;15;4;8,8;744,6;31,1;2,875;0;;2136
43927;2136; -     ;1;15;4;6;748,8;29,8;3,625;0;;1846
43928;1846;-0,1358;2;15;4;6,6;750,8;26,5;2;0;;2023
43929;2023;0,0959;3;15;4;7,5;747,5;32,4;2;0;;1763
43930;1763;-0,1285;4;15;4;10,5;739,5;38,6;2,125;0;;1829
43931;1829;0,0374;5;15;4;12,6;735,5;39,9;3;0;;2727
43932;2727;0,491;6;15;4;8,6;736,4;53,5;2,625;0;;0
43933;0;-1;7;16;4;5,9;742,1;42,5;2,25;0;;2256
43934;2256; -     ;1;16;4;7,6;741,8;32,9;3,25;0;;2145
43935;2145;-0,0492;2;16;4;8,4;735,9;65,4;4,875;0;;2512
43936;2512;0,1711;3;16;4;6,1;733,3;71,5;3,125;0;;2609
43937;2609;0,0386;4;16;4;8;735,9;53;3,875;0;;2717
43938;2717;0,0414;5;16;4;11,8;732,5;45,5;4,75;0;;4307
43939;4307;0,5852;6;16;4;10,3;735,9;34,8;1,625;0;;0
43940;0;-1;7;17;4;10,4;737,1;39;1,625;0;;0
43941;0; -     ;1;17;4;8,5;734,9;67,4;1,625;0;;1731
43942;1731; -     ;2;17;4;5,5;737,6;57,9;1,5;0;;1734
43943;1734;0,0017;3;17;4;6,9;737,5;51,1;2;0;;2163
43944;2163;0,2474;4;17;4;9,6;738,3;43;1,875;0;;2237
43945;2237;0,0342;5;17;4;12,4;735,4;34,9;3,5;0;;3207
43946;3207;0,4336;6;17;4;12,4;731,5;37,8;3,875;0;;0
43947;0;-1;7;18;4;10;728,1;58,6;4,75;0;;2210
43948;2210; -     ;1;18;4;8,8;730,5;53,9;4,625;0;;1900
43949;1900;-0,1403;2;18;4;11,3;736,3;45,3;1,75;0;;2247
43950;2247;0,1826;3;18;4;12,9;737,3;38,5;2,5;0;;1725
43951;1725;-0,2323;4;18;4;14,3;734,9;37,8;1,75;0;;3208
43952;3208;0,8597;5;18;5;15,8;733,9;51,4;1,125;0;;0
43953;0;-1;6;18;5;18,8;733,3;43,5;1,5;0;;0
43954;0; -     ;7;19;5;15,9;731,9;66;2,125;0;;2232
43955;2232; -     ;1;19;5;15,4;732,6;84;1,375;0;;2014
43956;2014;-0,0977;2;19;5;16,1;733,1;76,3;2;0;;2187
43957;2187;0,0859;3;19;5;14,6;731,1;81,6;3;0;;1886
43958;1886;-0,1376;4;19;5;11,9;732,3;74;1,5;0;;2089
43959;2089;0,1076;5;19;5;10,8;733,6;74;2,125;0;;3107
43960;3107;0,4873;6;19;5;9,5;735,1;83,5;1,625;0;;0
43961;0;-1;7;20;5;12,5;735,5;55,6;1,625;0;;1729
43962;1729; -     ;1;20;5;16,3;736,8;54,1;3;0;;1569
43963;1569;-0,0925;2;20;5;15,6;733,6;51,8;4,875;0;;1853
43964;1853;0,181;3;20;5;10,8;735,9;61,8;2,5;0;;1832
43965;1832;-0,0113;4;20;5;11,9;739,9;54,4;2,75;0;;2125
43966;2125;0,1599;5;20;5;14,5;736,3;70,5;1,75;0;;2852
43967;2852;0,3421;6;20;5;11;736,3;72,4;2,375;0;;0
43968;0;-1;7;21;5;13,3;742,6;54,1;2,375;0;;2224
43969;2224; -     ;1;21;5;13,1;737,8;68,1;1,625;0;;2232
43970;2232;0,0036;2;21;5;13,6;739,9;58,5;1,5;0;;2101
43971;2101;-0,0587;3;21;5;16;735;63,4;2,375;0;;1813
43972;1813;-0,1371;4;21;5;13;734,1;64,3;1,625;0;;2188
43973;2188;0,2068;5;21;5;12,8;734,9;40,8;0,875;0;;2845
43974;2845;0,3003;6;21;5;10,8;738,3;49,9;1,5;0;;0
43975;0;-1;7;22;5;10,5;741,1;62,3;1,375;0;;2054
43976;2054; -     ;1;22;5;13,9;742,6;63,4;2,25;0;;2009
43977;2009;-0,0219;2;22;5;11,8;740,8;87,3;1,5;0;;2039
43978;2039;0,0149;3;22;5;14,4;741,1;82,3;1,875;0;;1816
43979;1816;-0,1094;4;22;5;19,8;736;62,5;4,25;0;;2106
43980;2106;0,1597;5;22;5;17,8;733;88,3;1,375;0;;2933
43981;2933;0,3927;6;22;5;13,9;733,6;81,8;4,5;0;;0
43982;0;-1;7;23;5;15,4;736,3;74,1;4,25;0;;2148
43983;2148; -     ;1;23;6;15,8;733,4;73,3;3,25;0;;1755
43984;1755;-0,183;2;23;6;15,4;731,6;69,6;1,5;0;;1857
43985;1857;0,0581;3;23;6;15,5;731,3;74;1,375;0;;1532
43986;1532;-0,175;4;23;6;14,8;733,9;74,1;2,5;0;;1801
43987;1801;0,1756;5;23;6;16,8;737,8;67,9;3,5;0;;2624
43988;2624;0,457;6;23;6;19,6;739,8;61,8;3;0;;0
43989;0;-1;7;24;6;22,1;738,5;49,5;2,125;0;;2020
43990;2020; -     ;1;24;6;24;736,5;47;3,5;0;;1499
43991;1499;-0,2579;2;24;6;24,9;736;46,8;2,75;0;;1730
43992;1730;0,1541;3;24;6;25;735,5;51,1;2,875;0;;1762
43993;1762;0,0185;4;24;6;26;732,9;47,1;3,75;0;;2025
43994;2025;0,1493;5;24;6;24,4;730,5;52,8;2,5;0;;2959
43995;2959;0,4612;6;24;6;22,4;729,8;66,4;2,375;0;;0
43996;0;-1;7;25;6;20,6;733;86,3;1,125;0;;2346
43997;2346; -     ;1;25;6;20,5;735,4;76,9;1,375;0;;2063
43998;2063;-0,1206;2;25;6;23,1;734,4;60,5;2,625;0;;2219
43999;2219;0,0756;3;25;6;23,9;734,4;50,9;2,25;0;;1922
44000;1922;-0,1338;4;25;6;22,1;734,4;57,6;2,625;0;;2155
44001;2155;0,1212;5;25;6;24;732,6;44,5;3,125;0;;2802
44002;2802;0,3002;6;25;6;23,8;731,3;53,4;2,125;0;;0
44003;0;-1;7;26;6;21,5;730,8;72,3;0,625;0;;1921
44004;1921; -     ;1;26;6;20,5;733,1;86,9;0,875;0;;2109
44005;2109;0,0979;2;26;6;23,4;734,9;70,3;0,5;0;;1809
44006;1809;-0,1422;3;26;6;24,1;736,5;60,6;1,625;0;;1636
44007;1636;-0,0956;4;26;6;21,8;741;51,6;2;0;;2070
44008;2070;0,2653;5;26;6;21,9;743;42,8;2,125;0;;3006
44009;3006;0,4522;6;26;6;24;740,5;45;1,25;0;;0
44010;0;-1;7;27;6;25,4;737;38;0,75;0;;2496
44011;2496; -     ;1;27;6;22;731,8;64,8;1,125;0;;2118
44012;2118;-0,1514;2;27;6;22,5;731,8;73,4;1,375;0;;1794
44013;1794;-0,153;3;27;7;23,6;734,5;71,9;0,875;0;;1599
44014;1599;-0,1087;4;27;7;25,1;736,5;62,6;1,125;0;;1803
44015;1803;0,1276;5;27;7;27,6;736,3;47,4;1,75;0;;2625
44016;2625;0,4559;6;27;7;28,4;735,4;41,3;2;0;;0
44017;0;-1;7;28;7;28,4;733,4;41;1,625;0;;2121
44018;2121; -     ;1;28;7;30,1;731,8;29,9;1,125;0;;1823
44019;1823;-0,1405;2;28;7;29,3;728,8;33,1;0,875;0;;2204
44020;2204;0,209;3;28;7;25,1;730,1;62;1,285714286;0;;1958
44021;1958;-0,1116;4;28;7;19,9;736,8;61,4;2,5;0;;2216
44022;2216;0,1318;5;28;7;21,5;741;48,3;2;0;;2637
44023;2637;0,19;6;28;7;23,5;740,6;40,4;1,375;0;;0
44024;0;-1;7;29;7;26,6;735,1;39,4;2,25;0;;2251
44025;2251; -     ;1;29;7;23,4;731;61,6;1,375;0;;1882
44026;1882;-0,1639;2;29;7;18,3;731,4;83,8;1,75;0;;2212
44027;2212;0,1753;3;29;7;18,9;736,3;55,3;2,875;0;;1911
44028;1911;-0,1361;4;29;7;22,3;736,4;45,5;1,375;0;;2184
44029;2184;0,1429;5;29;7;21;734,4;59,6;3,428571429;0;;2694
44030;2694;0,2335;6;29;7;19,9;737,1;66,1;2,375;0;;0
44031;0;-1;7;30;7;21,8;737,5;56,3;2,25;0;;2089
44032;2089; -     ;1;30;7;23,5;736;48,3;1,625;0;;2084
44033;2084;-0,0024;2;30;7;23,3;734,9;54,6;0,625;0;;1949
44034;1949;-0,0648;3;30;7;23,4;735,9;55,6;1,125;0;;1942
44035;1942;-0,0036;4;30;7;20,4;737;57,6;1,5;0;;2239
44036;2239;0,1529;5;30;7;20,7;737,3;53;1,285714286;0;;2907
44037;2907;0,2983;6;30;7;22,5;738,3;43,8;2;0;;0
44038;0;-1;7;31;7;26,3;736,8;36,6;3,625;0;;2317
44039;2317; -     ;1;31;7;25,6;736,4;29,3;3,75;0;;2172
44040;2172;-0,0626;2;31;7;25,9;734,6;40,4;4,375;0;;2401
44041;2401;0,1054;3;31;7;24,9;738;53,3;2,25;0;;1997
44042;1997;-0,1683;4;31;7;26,4;738,9;38,6;1,625;0;;2292
44043;2292;0,1477;5;31;7;24,1;735,3;61,1;1,625;0;;2546
44044;2546;0,1108;6;31;8;19,6;731;71,1;1,125;0;;0
44045;0;-1;7;32;8;19;733,4;59,1;1;0;;2145
44046;2145; -     ;1;32;8;19,5;737,6;60,5;0,75;0;;2022
44047;2022;-0,0573;2;32;8;22,3;738,5;48,8;1,25;0;;1835
44048;1835;-0,0925;3;32;8;22,6;738;44,9;1,571428571;0;;1704
44049;1704;-0,0714;4;32;8;26,1;738,9;45,7;1,714285714;0;;2049
44050;2049;0,2025;5;32;8;28,4;739,6;42,5;1,625;0;;2655
44051;2655;0,2958;6;32;8;25,6;737,4;43,6;2,125;0;;0
44052;0;-1;7;33;8;23,4;736;39,5;2,5;0;;2231
44053;2231; -     ;1;33;8;23,8;735,6;43,4;1,25;0;;2109
44054;2109;-0,0547;2;33;8;22,4;735,8;55,5;0,5;0;;2130
44055;2130;0,01;3;33;8;22,5;734,4;55,4;1;0;;1780
44056;1780;-0,1643;4;33;8;19,3;736;48;2,25;0;;2152
44057;2152;0,209;5;33;8;16,9;736,6;55,8;0,875;0;;2636
44058;2636;0,2249;6;33;8;17,4;738;51,5;1,5;0;;2284
44059;2284;-0,1335;7;34;8;18,4;738,5;47,5;0,75;0;;2179
44060;2179;-0,046;1;34;8;21,6;737,6;45,9;1;0;;2083
44061;2083;-0,0441;2;34;8;24,5;735,1;44;0,75;0;;1985
44062;1985;-0,047;3;34;8;26;734,6;42,1;1;0;;1898
44063;1898;-0,0438;4;34;8;26,6;732,3;36,5;1,5;0;;2000
44064;2000;0,0537;5;34;8;24,6;735;42,1;1,875;0;;3019
44065;3019;0,5095;6;34;8;20,6;736,4;55,1;1,875;0;;0
44066;0;-1;7;35;8;20,1;737,6;42,4;2;0;;2831
44067;2831; -     ;1;35;8;22;738,1;38,4;1,25;0;;2490
44068;2490;-0,1205;2;35;8;22,5;737,5;36,8;1,375;0;;2646
44069;2646;0,0627;3;35;8;23;733,9;40,6;1,5;0;;2204
44070;2204;-0,167;4;35;8;23;733,5;50,4;0,625;0;;2060
44071;2060;-0,0653;5;35;8;21,6;733,9;52;2,125;0;;2736
44072;2736;0,3282;6;35;8;21,3;738,9;47,9;0,875;0;;0
44073;0;-1;7;36;8;23,4;740,6;44,9;0,75;0;;2085
44074;2085; -     ;1;36;8;24,3;738,9;41,8;1,875;0;;2027
44075;2027;-0,0278;2;36;9;25,1;736;37,9;2,5;0;;2058
44076;2058;0,0153;3;36;9;24,3;736,6;39,7;2,571428571;0;;1563
44077;1563;-0,2405;4;36;9;26,9;739,8;33;3,375;0;;2143
44078;2143;0,3711;5;36;9;25,1;738,8;29,9;4,625;0;;2901
44079;2901;0,3537;6;36;9;23,3;735,8;32,9;4,5;0;;0
44080;0;-1;7;37;9;19,7;735,7;60,7;3,571428571;0;;2335
44081;2335; -     ;1;37;9;22,1;738,6;40,4;1,5;0;;2435
44082;2435;0,0428;2;37;9;23;739,5;32,3;1;0;;2454
44083;2454;0,0078;3;37;9;17,5;741,1;53,8;2;0;;1830
44084;1830;-0,2543;4;37;9;19,9;739,6;48,3;1,625;0;;2048
44085;2048;0,1191;5;37;9;22,4;737,5;49,1;1,75;0;;3048
44086;3048;0,4883;6;37;9;19,5;742,3;30,4;2,625;0;;0
44087;0;-1;7;38;9;19;743,6;32,1;2;0;;2461
44088;2461; -     ;1;38;9;20,8;742;36,9;1,25;0;;2185
44089;2185;-0,1121;2;38;9;19,3;743,1;47,8;1;0;;2168
44090;2168;-0,0078;3;38;9;19,3;743;56,6;1,125;0;;1915
44091;1915;-0,1167;4;38;9;18,4;741,1;43;1,375;0;;2135
44092;2135;0,1149;5;38;9;15,9;735,5;43,5;1,875;0;;3097
44093;3097;0,4506;6;38;9;11,6;738,9;59;1,875;0;;0
44094;0;-1;7;39;9;14,4;740,3;45,5;1,25;0;;2685
44095;2685; -     ;1;39;9;13,3;743,1;45;0,625;0;;2362
44096;2362;-0,1203;2;39;9;15,1;743;36,6;0,625;0;;2186
44097;2186;-0,0745;3;39;9;16,8;740,8;35,1;1,125;0;;1701
44098;1701;-0,2219;4;39;9;19,4;738,3;42,3;2,142857143;0;;2298
44099;2298;0,351;5;39;9;18,8;737,3;49,1;2,25;0;;3082
44100;3082;0,3412;6;39;9;19,5;735,1;38,5;3,25;0;;0
44101;0;-1;7;40;9;19;737,6;53,9;4,75;0;;2617
44102;2617; -     ;1;40;9;16,9;741,6;65;3,125;0;;2322
44103;2322;-0,1127;2;40;9;16,4;739,4;53,3;3,75;0;;2225
44104;2225;-0,0418;3;40;9;15,3;734;64,9;5,25;0;;1729
44105;1729;-0,2229;4;40;10;15,1;736;65,9;4,142857143;0;;2214
44106;2214;0,2805;5;40;10;15,1;738,6;68,8;2,625;0;;3120
44107;3120;0,4092;6;40;10;15,6;742,5;65,6;1,5;0;;0
44108;0;-1;7;41;10;15;743,6;53,5;2,5;0;;2609
44109;2609; -     ;1;41;10;15,1;745,6;31,5;3,125;0;;2255
44110;2255;-0,1357;2;41;10;14,9;745,4;34,1;3,75;0;;2259
44111;2259;0,0018;3;41;10;15,6;742,9;45,6;4,125;0;;2041
44112;2041;-0,0965;4;41;10;14,9;742,9;46,4;4,125;0;;2259
44113;2259;0,1068;5;41;10;15,5;742,6;48,8;4,625;0;;3231
44114;3231;0,4303;6;41;10;15,1;740,6;58,5;3,25;0;;0
44115;0;-1;7;42;10;14,8;738,9;71,9;2,5;0;;2497
44116;2497; -     ;1;42;10;16,8;739,8;78,6;1,25;0;;2321
44117;2321;-0,0705;2;42;10;16,8;738,5;68,3;1,75;0;;2179
44118;2179;-0,0612;3;42;10;17,1;736,9;68;0,5;0;;2087
44119;2087;-0,0422;4;42;10;16;740,6;74;0,5;0;;2323
44120;2323;0,1131;5;42;10;15,2;740;79,4;1,2;0;;0
